{
  "_fv": 43,
  "_type": "recipe",
  "definition": {
    "recipeType": "Smithing",
    "recipeRetstackSize": 1,
    "group": "",
    "cookingBookCategory": "MISC",
    "xpReward": 0.0,
    "cookingTime": 200,
    "craftingBookCategory": "MISC",
    "recipeShapeless": false,
    "smithingInputStack": {
      "value": "CUSTOM:MagicIngot"
    },
    "smithingInputAdditionStack": {
      "value": "CUSTOM:MagicFlower"
    },
    "smithingReturnStack": {
      "value": "CUSTOM:MagicFuel"
    },
    "name": "magicfuel_1",
    "namespace": "mod"
  }
}