{
  "_fv": 43,
  "_type": "fluid",
  "definition": {
    "name": "Magic Water",
    "bucketName": "Magic Water Bucket",
    "textureStill": "magic_leaves",
    "textureFlowing": "magic_wood_leaves",
    "tintType": "No tint",
    "canMultiply": false,
    "flowRate": 5,
    "levelDecrease": 1,
    "slopeFindDistance": 4,
    "spawnParticles": false,
    "dripParticle": {
      "value": "EXPLOSION_NORMAL"
    },
    "flowStrength": 1.0,
    "luminosity": 0,
    "density": 1000,
    "viscosity": 1000,
    "temperature": 300,
    "type": "WATER",
    "generateBucket": true,
    "textureBucket": "magicwaterbucket",
    "creativeTab": {
      "value": "MISC"
    },
    "emptySound": {
      "value": ""
    },
    "rarity": "COMMON",
    "specialInfo": [],
    "resistance": 100.0,
    "luminance": 0,
    "lightOpacity": 0,
    "emissiveRendering": false,
    "tickRate": 10,
    "flammability": 0,
    "fireSpreadSpeed": 0,
    "colorOnMap": "DEFAULT"
  }
}