{
  "_fv": 43,
  "_type": "feature",
  "definition": {
    "generationStep": "LAKES",
    "restrictionDimensions": [
      "Surface"
    ],
    "restrictionBiomes": [],
    "featurexml": "<xml><block type=\"feature_container\" deletable=\"false\" x=\"40\" y=\"40\">\n\t<value name=\"feature\"><block type=\"feature_lake\">\n\t\t<value name=\"fluid\"><block type=\"mcitem_allblocks\"><field name=\"value\">CUSTOM:MagicWater</field></block></value>\n\t\t<value name=\"border\"><block type=\"mcitem_allblocks\"><field name=\"value\">Blocks.AIR</field></block></value>\n\t</block></value>\n<next><block type=\"placement_rarity\"><field name=\"rarity\">5</field>\n<next><block type=\"placement_in_square\">\n<next><block type=\"placement_height_uniform\">\n\t<value name=\"min\"><block type=\"vertical_anchor_above_bottom\"><field name=\"value\">0</field></block></value>\n\t<value name=\"max\"><block type=\"vertical_anchor_absolute\"><field name=\"value\">256</field></block></value>\n<next><block type=\"placement_environment_scan\">\n\t<field name=\"maxSteps\">32</field><field name=\"direction\">DOWN</field>\n\t<value name=\"condition\"><block type=\"block_predicate_not\">\n\t\t<value name=\"condition\"><block type=\"block_predicate_is_air\"></block></value>\n\t</block></value>\n<next><block type=\"placement_biome_filter\">\n</block></next></block></next></block></next></block></next></block></next></block></xml>"
  }
}