{
  "has_precipitation": true,
  "temperature": 0.5,
  "downfall": 0.5,
  "effects": {
    "ambient_sound": "ambient.underwater.exit",
    "mood_sound": {
      "sound": "ambient.cave",
      "tick_delay": 6000,
      "offset": 8,
      "block_search_extent": 2
    },
    "additions_sound": {
      "sound": "block.anvil.fall",
      "tick_chance": 0.0111
    },
    "music": {
      "sound": "ambient.soul_sand_valley.additions",
      "min_delay": 12000,
      "max_delay": 24000,
      "replace_current_music": true
    },
    "foliage_color": -39322,
    "grass_color": -3342337,
    "sky_color": 7972607,
    "fog_color": 12638463,
    "water_color": -3342388,
    "water_fog_color": -3342388
  },
  "spawners": {
    "monster": [
      {
        "type": "allay",
        "weight": 30,
        "minCount": 7,
        "maxCount": 12
      }
    ],
    "creature": [
      {
        "type": "allay",
        "weight": 20,
        "minCount": 4,
        "maxCount": 4
      },
      {
        "type": "iron_golem",
        "weight": 20,
        "minCount": 4,
        "maxCount": 4
      }
    ],
    "ambient": [],
    "axolotls": [],
    "underground_water_creature": [],
    "water_creature": [],
    "water_ambient": [],
    "misc": []
  },
  "spawn_costs": {},
  "carvers": {
    "air": [
      "minecraft:cave",
      "minecraft:cave_extra_underground",
      "minecraft:canyon"
    ]
  },
  "features": [
    [],
    [
      "minecraft:lake_lava_underground"
    ],
    [],
    [],
    [],
    [],
    [
      "minecraft:ore_coal_upper",
      "minecraft:ore_coal_lower",
      "minecraft:ore_iron_upper",
      "minecraft:ore_iron_middle",
      "minecraft:ore_iron_small",
      "minecraft:ore_gold",
      "minecraft:ore_gold_lower",
      "minecraft:ore_redstone",
      "minecraft:ore_redstone_lower",
      "minecraft:ore_diamond",
      "minecraft:ore_diamond_large",
      "minecraft:ore_diamond_buried",
      "minecraft:ore_lapis",
      "minecraft:ore_lapis_buried",
      "minecraft:ore_copper",
      "minecraft:underwater_magma"
    ],
    [],
    [],
    [
      "magicmod:magic_1ew_tree",
      "minecraft:patch_grass_forest"
    ],
    [
      "minecraft:freeze_top_layer"
    ]
  ]
}