{
  "type": "magicmod:magic_stone",
  "config": {
    "size": 32,
    "discard_chance_on_air_exposure": 0,
    "targets": [
      {
        "target": {
          "predicate_type": "blockstate_match",
          "block_state": {
            "Name": "minecraft:stone"
          }
        },
        "state": {
          "Name": "magicmod:magic_stone"
        }
      },
      {
        "target": {
          "predicate_type": "blockstate_match",
          "block_state": {
            "Name": "minecraft:granite"
          }
        },
        "state": {
          "Name": "magicmod:magic_stone"
        }
      },
      {
        "target": {
          "predicate_type": "blockstate_match",
          "block_state": {
            "Name": "minecraft:diorite"
          }
        },
        "state": {
          "Name": "magicmod:magic_stone"
        }
      },
      {
        "target": {
          "predicate_type": "blockstate_match",
          "block_state": {
            "Name": "minecraft:andesite"
          }
        },
        "state": {
          "Name": "magicmod:magic_stone"
        }
      }
    ]
  }
}