{
  "feature": "magicmod:magic_water_feature",
  "placement": [
    {
      "type": "minecraft:rarity_filter",
      "chance": 5
    },
    {
      "type": "minecraft:in_square"
    },
    {
      "type": "minecraft:height_range",
      "height": {
        "type": "minecraft:uniform",
        "min_inclusive": {
          "above_bottom": 0
        },
        "max_inclusive": {
          "absolute": 256
        }
      }
    },
    {
      "type": "environment_scan",
      "direction_of_search": "down",
      "target_condition": {
        "type": "minecraft:not",
        "predicate": {
          "type": "minecraft:matching_blocks",
          "blocks": "minecraft:air"
        }
      },
      "max_steps": 32
    },
    {
      "type": "minecraft:biome"
    }
  ]
}