{
  "_fv": 28,
  "_type": "armor",
  "definition": {
    "enableHelmet": true,
    "textureHelmet": "magic_head",
    "enableBody": true,
    "textureBody": "magic_body",
    "enableLeggings": true,
    "textureLeggings": "magic_leggings",
    "enableBoots": true,
    "textureBoots": "magic_boots",
    "creativeTab": {
      "value": "COMBAT"
    },
    "armorTextureFile": "magic",
    "helmetName": "Magic Helmet",
    "bodyName": "Magic Chestplate",
    "leggingsName": "Magic Leggings",
    "bootsName": "Magic Boots",
    "helmetSpecialInfo": [],
    "bodySpecialInfo": [],
    "leggingsSpecialInfo": [],
    "bootsSpecialInfo": [],
    "helmetModelName": "Default",
    "helmetModelPart": "Helmet",
    "helmetModelTexture": "From armor",
    "bodyModelName": "Default",
    "bodyModelPart": "Body",
    "armsModelPartL": "Arms L",
    "armsModelPartR": "Arms R",
    "bodyModelTexture": "From armor",
    "leggingsModelName": "Default",
    "leggingsModelPartL": "Leggings L",
    "leggingsModelPartR": "Leggings R",
    "leggingsModelTexture": "From armor",
    "bootsModelName": "Default",
    "bootsModelPartL": "Boots L",
    "bootsModelPartR": "Boots R",
    "bootsModelTexture": "From armor",
    "helmetImmuneToFire": false,
    "bodyImmuneToFire": false,
    "leggingsImmuneToFire": false,
    "bootsImmuneToFire": false,
    "maxDamage": 100,
    "damageValueHelmet": 100,
    "damageValueBody": 100,
    "damageValueLeggings": 100,
    "damageValueBoots": 100,
    "enchantability": 100,
    "toughness": 10.0,
    "knockbackResistance": 5.0,
    "equipSound": {
      "value": ""
    },
    "repairItems": [
      {
        "value": "CUSTOM:MagicIngot"
      }
    ]
  }
}