{
  "_fv": 28,
  "_type": "tool",
  "definition": {
    "renderType": 0,
    "texture": "magictool",
    "customModelName": "Normal",
    "name": "Magictool",
    "specialInfo": [],
    "creativeTab": {
      "value": "TOOLS"
    },
    "toolType": "Pickaxe",
    "harvestLevel": 40,
    "efficiency": 180.0,
    "attackSpeed": 100.0,
    "enchantability": 100,
    "damageVsEntity": 1800.0,
    "usageCount": 155,
    "blocksAffected": [],
    "hasGlow": true,
    "repairItems": [
      {
        "value": "CUSTOM:MagicIngot"
      }
    ],
    "immuneToFire": false,
    "stayInGridWhenCrafting": true,
    "damageOnCrafting": true
  }
}