{
  "_fv": 60,
  "_type": "recipe",
  "definition": {
    "recipeType": "Crafting",
    "recipeRetstackSize": 8,
    "group": "",
    "cookingBookCategory": "MISC",
    "xpReward": 0.0,
    "cookingTime": 200,
    "craftingBookCategory": "MISC",
    "recipeShapeless": false,
    "recipeSlots": [
      {
        "value": ""
      },
      {
        "value": "Items.IRON_INGOT"
      },
      {
        "value": ""
      },
      {
        "value": ""
      },
      {
        "value": "Items.STICK"
      },
      {
        "value": ""
      },
      {
        "value": "Items.FEATHER"
      },
      {
        "value": "CUSTOM:MagicLatex"
      },
      {
        "value": "Items.FEATHER"
      }
    ],
    "recipeReturnStack": {
      "value": "Items.ARROW"
    },
    "name": "arrow_magic_dust_recipe_2",
    "namespace": "mod"
  }
}