{
  "_fv": 60,
  "_type": "recipe",
  "definition": {
    "recipeType": "Crafting",
    "recipeRetstackSize": 1,
    "group": "",
    "cookingBookCategory": "MISC",
    "xpReward": 0.0,
    "cookingTime": 200,
    "craftingBookCategory": "MISC",
    "recipeShapeless": false,
    "recipeSlots": [
      {
        "value": "CUSTOM:MagicIngot"
      },
      {
        "value": "CUSTOM:MagicIngot"
      },
      {
        "value": "CUSTOM:MagicIngot"
      },
      {
        "value": "CUSTOM:MagicPolymer"
      },
      {
        "value": "CUSTOM:MagicWafer"
      },
      {
        "value": "CUSTOM:MagicPolymer"
      },
      {
        "value": "CUSTOM:MagicPolymer"
      },
      {
        "value": "Blocks.CHEST"
      },
      {
        "value": "CUSTOM:MagicPolymer"
      }
    ],
    "recipeReturnStack": {
      "value": "CUSTOM:MagicSmartStorage"
    },
    "name": "magic_smart_storage_recipe",
    "namespace": "mod"
  }
}