{
  "_fv": 60,
  "_type": "tool",
  "definition": {
    "toolType": "Sword",
    "renderType": 0,
    "blockingRenderType": 0,
    "texture": "magicsword",
    "customModelName": "Normal",
    "blockingModelName": "Normal blocking",
    "name": "Magic Sword",
    "specialInformation": {
      "fixedValue": []
    },
    "creativeTab": {
      "value": "COMBAT"
    },
    "harvestLevel": 20,
    "efficiency": 30.0,
    "attackSpeed": 100.0,
    "enchantability": 40,
    "damageVsEntity": 200.0,
    "usageCount": 1000,
    "blocksAffected": [],
    "repairItems": [
      {
        "value": "CUSTOM:MagicIngot"
      }
    ],
    "immuneToFire": true,
    "stayInGridWhenCrafting": false,
    "damageOnCrafting": false
  }
}