{
  "_fv": 60,
  "_type": "recipe",
  "definition": {
    "recipeType": "Smelting",
    "recipeRetstackSize": 1,
    "group": "",
    "cookingBookCategory": "MISC",
    "xpReward": 1.0,
    "cookingTime": 200,
    "craftingBookCategory": "MISC",
    "recipeShapeless": false,
    "smeltingInputStack": {
      "value": "CUSTOM:MagicDustGlassBottle"
    },
    "smeltingReturnStack": {
      "value": "CUSTOM:MagicEnchantedDustGlassBottle"
    },
    "name": "magic_dust_glass_bottle_recipe_3",
    "namespace": "mod"
  }
}