{
  "_fv": 60,
  "_type": "recipe",
  "definition": {
    "recipeType": "Crafting",
    "recipeRetstackSize": 1,
    "group": "",
    "cookingBookCategory": "MISC",
    "xpReward": 0.0,
    "cookingTime": 200,
    "craftingBookCategory": "MISC",
    "recipeShapeless": false,
    "recipeSlots": [
      {
        "value": "CUSTOM:IronedMagicIngot"
      },
      {
        "value": "CUSTOM:MagicIngot"
      },
      {
        "value": "CUSTOM:MagicBlock"
      },
      {
        "value": "CUSTOM:MagicSand"
      },
      {
        "value": "TAG:minecraft:commandblockandcore"
      },
      {
        "value": "CUSTOM:NetherStarCore"
      },
      {
        "value": ""
      },
      {
        "value": ""
      },
      {
        "value": "CUSTOM:Diamondedsemagicingot"
      }
    ],
    "recipeReturnStack": {
      "value": "CUSTOM:MagicBrain"
    },
    "name": "magic_brain_recipe",
    "namespace": "mod"
  }
}