{
  "_fv": 60,
  "_type": "recipe",
  "definition": {
    "recipeType": "Crafting",
    "recipeRetstackSize": 1,
    "group": "",
    "cookingBookCategory": "MISC",
    "xpReward": 0.0,
    "cookingTime": 200,
    "craftingBookCategory": "MISC",
    "recipeShapeless": false,
    "recipeSlots": [
      {
        "value": "CUSTOM:MagicDust"
      },
      {
        "value": "Blocks.YELLOW_FLOWER"
      },
      {
        "value": ""
      },
      {
        "value": "Blocks.YELLOW_FLOWER"
      },
      {
        "value": "CUSTOM:MagicDust"
      },
      {
        "value": ""
      },
      {
        "value": ""
      },
      {
        "value": ""
      },
      {
        "value": ""
      }
    ],
    "recipeReturnStack": {
      "value": "CUSTOM:MagicLatex"
    },
    "name": "magic_latex_recipe",
    "namespace": "mod"
  }
}