{
  "_fv": 60,
  "_type": "recipe",
  "definition": {
    "recipeType": "Brewing",
    "recipeRetstackSize": 1,
    "group": "",
    "cookingBookCategory": "MISC",
    "xpReward": 0.0,
    "cookingTime": 200,
    "craftingBookCategory": "MISC",
    "recipeShapeless": false,
    "brewingInputStack": {
      "value": "Items.GLASS_BOTTLE"
    },
    "brewingIngredientStack": {
      "value": "CUSTOM:MagicEnchantedDust"
    },
    "brewingReturnStack": {
      "value": "CUSTOM:MagicEnchantedDustGlassBottle"
    },
    "name": "magic_dust_glass_bottle_recipe_5",
    "namespace": "mod"
  }
}