{
  "_fv": 60,
  "_type": "tool",
  "definition": {
    "toolType": "Pickaxe",
    "renderType": 0,
    "blockingRenderType": 0,
    "texture": "magictool",
    "customModelName": "Normal",
    "blockingModelName": "Normal blocking",
    "name": "Magictool",
    "specialInformation": {
      "fixedValue": []
    },
    "creativeTab": {
      "value": "TOOLS"
    },
    "harvestLevel": 40,
    "efficiency": 180.0,
    "attackSpeed": 100.0,
    "enchantability": 100,
    "damageVsEntity": 1800.0,
    "usageCount": 155,
    "blocksAffected": [],
    "glowCondition": {
      "fixedValue": true
    },
    "repairItems": [
      {
        "value": "CUSTOM:MagicIngot"
      }
    ],
    "immuneToFire": false,
    "stayInGridWhenCrafting": true,
    "damageOnCrafting": true
  }
}