{
  "_fv": 60,
  "_type": "recipe",
  "definition": {
    "recipeType": "Crafting",
    "recipeRetstackSize": 3,
    "group": "",
    "cookingBookCategory": "MISC",
    "xpReward": 0.0,
    "cookingTime": 200,
    "craftingBookCategory": "MISC",
    "recipeShapeless": false,
    "recipeSlots": [
      {
        "value": "CUSTOM:MagicLog"
      },
      {
        "value": "CUSTOM:MagicLog"
      },
      {
        "value": ""
      },
      {
        "value": "CUSTOM:MagicLog"
      },
      {
        "value": "CUSTOM:MagicLog"
      },
      {
        "value": ""
      },
      {
        "value": ""
      },
      {
        "value": ""
      },
      {
        "value": ""
      }
    ],
    "recipeReturnStack": {
      "value": "CUSTOM:MagicWood"
    },
    "name": "magic_wood_recipe",
    "namespace": "mod"
  }
}