{
  "_fv": 60,
  "_type": "recipe",
  "definition": {
    "recipeType": "Crafting",
    "recipeRetstackSize": 1,
    "group": "",
    "cookingBookCategory": "MISC",
    "xpReward": 0.0,
    "cookingTime": 200,
    "craftingBookCategory": "MISC",
    "recipeShapeless": true,
    "recipeSlots": [
      {
        "value": ""
      },
      {
        "value": ""
      },
      {
        "value": ""
      },
      {
        "value": ""
      },
      {
        "value": "CUSTOM:MagicIngot"
      },
      {
        "value": "Items.GOLD_INGOT"
      },
      {
        "value": ""
      },
      {
        "value": "Items.NETHERITE_SCRAP"
      },
      {
        "value": "TAG:forge:ingots/steel"
      }
    ],
    "recipeReturnStack": {
      "value": "CUSTOM:MagicAlloyIngot"
    },
    "name": "magic_alloy_ingot_recipe",
    "namespace": "mod"
  }
}